Date Swab Taken,Sample Name,Cadaver Number,Index 1,Index 2,ADD
9-Mar,3,12-15D,TAAGGCGA,GCGTAAGA,49.68
11-Mar,4,12-15D,TAAGGCGA,CTCTCTAT,78.84
13-Mar,5,12-15D,TAAGGCGA,TATCCTCT,109.4
16-Mar,6,12-15D,TAAGGCGA,AGAGTAGA,148.01
18-Mar,7,12-15D,TAAGGCGA,GTAAGGAG,177.18
20-Mar,8,12-15D,TAAGGCGA,ACTGCATA,195.23
23-Mar,9,12-15D,TAAGGCGA,AAGGAGTA,235.51
25-Mar,10,12-15D,TAAGGCGA,CTAAGCCT,269.4
27-Mar,11,12-15D,CGTACTAG,GCGTAAGA,298.01
30-Mar,12,12-15D,CGTACTAG,CTCTCTAT,318.29
1-Apr,13,12-15D,CGTACTAG,TATCCTCT,347.46
3-Apr,14,12-15D,CGTACTAG,AGAGTAGA,380.23
6-Apr,15,12-15D,CGTACTAG,GTAAGGAG,419.12
8-Apr,16,12-15D,CGTACTAG,ACTGCATA,453.23
10-Apr,17,12-15D,CGTACTAG,AAGGAGTA,496.1
13-Apr,18,12-15D,CGTACTAG,CTAAGCCT,547.73
15-Apr,19,12-15D,AGGCAGAA,GCGTAAGA,586.622
17-Apr,20,12-15D,AGGCAGAA,CTCTCTAT,619.4
20-Apr,21,12-15D,AGGCAGAA,TATCCTCT,675.79
4-Mar,39,14-15D,AGGCAGAA,AGAGTAGA,22.59
6-Mar,40,14-15D,AGGCAGAA,GTAAGGAG,28.1
9-Mar,41,14-15D,AGGCAGAA,ACTGCATA,46.7
11-Mar,42,14-15D,AGGCAGAA,AAGGAGTA,75.84
13-Mar,43,14-15D,AGGCAGAA,CTAAGCCT,106.4
16-Mar,44,14-15D,TCCTGAGC,GCGTAAGA,145.01
18-Mar,45,14-15D,TCCTGAGC,CTCTCTAT,174.18
20-Mar,46,14-15D,TCCTGAGC,TATCCTCT,192.23
23-Mar,47,14-15D,TCCTGAGC,AGAGTAGA,232.51
25-Mar,48,14-15D,TCCTGAGC,GTAAGGAG,266.4
27-Mar,49,14-15D,TCCTGAGC,ACTGCATA,295.01
30-Mar,50,14-15D,TCCTGAGC,AAGGAGTA,315.29
1-Apr,51,14-15D,TCCTGAGC,CTAAGCCT,344.46
3-Apr,52,14-15D,GGACTCCT,GCGTAAGA,377.23
6-Apr,53,14-15D,GGACTCCT,CTCTCTAT,416.12
8-Apr,54,14-15D,GGACTCCT,TATCCTCT,450.84
10-Apr,55,14-15D,GGACTCCT,AGAGTAGA,493.1
13-Apr,56,14-15D,GGACTCCT,GTAAGGAG,544.73
15-Apr,57,14-15D,GGACTCCT,ACTGCATA,583.62
17-Apr,58,14-15D,GGACTCCT,AAGGAGTA,616.4
20-Apr,59,14-15D,GGACTCCT,CTAAGCCT,672.79
13-Mar,60,15-15D,TAGGCATG,GCGTAAGA,99.67
16-Mar,61,15-15D,TAGGCATG,CTCTCTAT,138.28
18-Mar,62,15-15D,TAGGCATG,TATCCTCT,167.44
20-Mar,63,15-15D,TAGGCATG,AGAGTAGA,185.5
23-Mar,64,15-15D,TAGGCATG,GTAAGGAG,225.78
25-Mar,65,15-15D,TAGGCATG,ACTGCATA,259.67
27-Mar,66,15-15D,TAGGCATG,AAGGAGTA,288.28
30-Mar,67,15-15D,TAGGCATG,CTAAGCCT,308.56
1-Apr,68,15-15D,CTCTCTAC,GCGTAAGA,337.72
3-Apr,69,15-15D,CTCTCTAC,CTCTCTAT,370.5
6-Apr,70,15-15D,CTCTCTAC,TATCCTCT,409.39
8-Apr,71,15-15D,CTCTCTAC,AGAGTAGA,444.11
13-Mar,73,17-17D,CTCTCTAC,GTAAGGAG,75.62
16-Mar,74,17-17D,CTCTCTAC,ACTGCATA,114.28
18-Mar,75,17-17D,CTCTCTAC,AAGGAGTA,143.44
20-Mar,76,17-17D,CTCTCTAC,CTAAGCCT,161.5
23-Mar,77,17-17D,CAGAGAGG,GCGTAAGA,201.78
25-Mar,78,17-17D,CAGAGAGG,CTCTCTAT,235.67
27-Mar,79,17-17D,CAGAGAGG,TATCCTCT,264.28
30-Mar,80,17-17D,CAGAGAGG,AGAGTAGA,284.56
1-Apr,81,17-17D,CAGAGAGG,GTAAGGAG,313.72
3-Apr,82,17-17D,CAGAGAGG,ACTGCATA,346.5
6-Apr,83,17-17D,CAGAGAGG,AAGGAGTA,385.39
8-Apr,84,17-17D,CAGAGAGG,CTAAGCCT,420.11
10-Apr,85,17-17D,GCTACGCT,GCGTAAGA,462.33
13-Apr,86,17-17D,GCTACGCT,CTCTCTAT,514
15-Apr,87,17-17D,GCTACGCT,TATCCTCT,552.89
17-Apr,88,17-17D,GCTACGCT,AGAGTAGA,585.67
20-Apr,89,17-17D,GCTACGCT,GTAAGGAG,642.06
